timestamp,model_file,model_version,git_commit,port,notes
2026-02-14T19:40:40.103855,models/model_v1.pkl,model_v1.pkl,d02328407c46f12ece196c6d04f6590778a33eb9,5000,startup
2026-02-14T19:41:41.981112,models/model_v1.pkl,model_v1.pkl,d02328407c46f12ece196c6d04f6590778a33eb9,5000,startup
2026-02-14T19:41:48.752993,models/model_v1.pkl,model_v1.pkl,d02328407c46f12ece196c6d04f6590778a33eb9,5000,startup
2026-02-14T19:44:08.275807,models/model_v1.pkl,model_v1.pkl,d02328407c46f12ece196c6d04f6590778a33eb9,5000,startup
2026-02-14T19:44:59.954835,models/model_v1.pkl,model_v1.pkl,d02328407c46f12ece196c6d04f6590778a33eb9,5000,startup
2026-02-14T19:46:49.536903,models/model_v1.pkl,model_v1.pkl,d02328407c46f12ece196c6d04f6590778a33eb9,5000,startup
2026-02-14T19:46:53.495998,models/model_v1.pkl,model_v1.pkl,d02328407c46f12ece196c6d04f6590778a33eb9,5000,startup
2026-02-14T19:46:58.380126,models/model_v1.pkl,model_v1.pkl,d02328407c46f12ece196c6d04f6590778a33eb9,5000,startup
2026-02-14T19:47:01.365349,models/model_v1.pkl,model_v1.pkl,d02328407c46f12ece196c6d04f6590778a33eb9,5000,startup
2026-02-14T19:47:03.099957,models/model_v1.pkl,model_v1.pkl,d02328407c46f12ece196c6d04f6590778a33eb9,5000,startup
2026-02-14T19:47:49.574171,models/model_v1.pkl,model_v1.pkl,d02328407c46f12ece196c6d04f6590778a33eb9,5000,startup
2026-02-14T19:49:29.417029,models/model_v1.pkl,model_v1.pkl,d02328407c46f12ece196c6d04f6590778a33eb9,5000,startup
2026-02-14T19:49:34.437116,models/model_v1.pkl,model_v1.pkl,d02328407c46f12ece196c6d04f6590778a33eb9,5000,startup
2026-02-14T19:49:47.954221,models/model_v1.pkl,model_v1.pkl,d02328407c46f12ece196c6d04f6590778a33eb9,5000,startup
2026-02-14T19:50:25.217878,models/model_v1.pkl,model_v1.pkl,d02328407c46f12ece196c6d04f6590778a33eb9,5000,startup
2026-02-14T19:53:16.301283,models/model_v1.pkl,model_v1.pkl,d02328407c46f12ece196c6d04f6590778a33eb9,5000,startup
2026-02-14T19:53:19.636822,models/model_v1.pkl,model_v1.pkl,d02328407c46f12ece196c6d04f6590778a33eb9,5000,startup
2026-02-14T19:54:12.901765,models/model_v1.pkl,model_v1.pkl,d02328407c46f12ece196c6d04f6590778a33eb9,5000,startup
2026-02-14T19:54:14.725439,models/model_v1.pkl,model_v1.pkl,d02328407c46f12ece196c6d04f6590778a33eb9,5000,startup
2026-02-14T19:54:25.532634,models/model_v1.pkl,model_v1.pkl,d02328407c46f12ece196c6d04f6590778a33eb9,5000,startup
2026-02-14T19:54:27.293313,models/model_v1.pkl,model_v1.pkl,d02328407c46f12ece196c6d04f6590778a33eb9,5000,startup
2026-02-14T19:57:22.547378,models/model_v1.pkl,model_v1.pkl,d02328407c46f12ece196c6d04f6590778a33eb9,5000,startup
2026-02-14T23:59:19.373586,models/model_v1.pkl,model_v1.pkl,d02328407c46f12ece196c6d04f6590778a33eb9,5000,startup
2026-02-14T23:59:41.766644,models/model_v1.pkl,model_v1.pkl,d02328407c46f12ece196c6d04f6590778a33eb9,5000,startup
2026-02-15T13:40:57.365322,models/model_v1.pkl,model_v1.pkl,c334deef9dc042326a8f7b7f8d4e95161f6bbb44,5000,manual_deploy
2026-02-15T13:41:10.217475,models/model_v1.pkl,model_v1.pkl,c334deef9dc042326a8f7b7f8d4e95161f6bbb44,5000,manual_deploy
2026-02-15T13:42:44.991535,models/model_v1.pkl,model_v1.pkl,c334deef9dc042326a8f7b7f8d4e95161f6bbb44,5000,manual_deploy
2026-02-15T13:42:48.729272,models/model_v1.pkl,model_v1.pkl,c334deef9dc042326a8f7b7f8d4e95161f6bbb44,5000,manual_deploy
2026-02-15T13:42:52.159151,models/model_v1.pkl,model_v1.pkl,c334deef9dc042326a8f7b7f8d4e95161f6bbb44,5000,manual_deploy
2026-02-15T13:45:26.802322,models/model_v2.pkl,model_v2.pkl,c334deef9dc042326a8f7b7f8d4e95161f6bbb44,5000,manual_deploy
2026-02-15T13:45:58.076648,models/model_v2.pkl,model_v2.pkl,c334deef9dc042326a8f7b7f8d4e95161f6bbb44,5000,manual_deploy
2026-02-15T13:48:05.979611,models/model_v2.pkl,model_v2.pkl,c334deef9dc042326a8f7b7f8d4e95161f6bbb44,5000,manual_deploy
2026-02-15T13:48:08.461013,models/model_v2.pkl,model_v2.pkl,c334deef9dc042326a8f7b7f8d4e95161f6bbb44,5000,manual_deploy
2026-02-15T13:48:10.172607,models/model_v2.pkl,model_v2.pkl,c334deef9dc042326a8f7b7f8d4e95161f6bbb44,5000,manual_deploy
2026-02-15T13:48:13.264519,models/model_v2.pkl,model_v2.pkl,c334deef9dc042326a8f7b7f8d4e95161f6bbb44,5000,manual_deploy
2026-02-15T13:48:23.804201,models/model_v2.pkl,model_v2.pkl,c334deef9dc042326a8f7b7f8d4e95161f6bbb44,5000,manual_deploy
2026-02-15T13:48:54.567154,models/model_v1.pkl,model_v1.pkl,c334deef9dc042326a8f7b7f8d4e95161f6bbb44,5000,manual_deploy
2026-02-15T13:48:58.409136,models/model_v1.pkl,model_v1.pkl,c334deef9dc042326a8f7b7f8d4e95161f6bbb44,5000,manual_deploy
2026-02-15T13:49:07.057430,models/model_v1.pkl,model_v1.pkl,c334deef9dc042326a8f7b7f8d4e95161f6bbb44,5000,manual_deploy
2026-02-15T13:51:36.557517,models/model_v2.pkl,model_v2.pkl,c334deef9dc042326a8f7b7f8d4e95161f6bbb44,5000,manual_deploy
2026-02-15T13:51:38.188122,models/model_v2.pkl,model_v2.pkl,c334deef9dc042326a8f7b7f8d4e95161f6bbb44,5000,manual_deploy
2026-02-15T13:54:48.893588,models/model_v1.pkl,model_v1.pkl,c334deef9dc042326a8f7b7f8d4e95161f6bbb44,5000,manual_deploy
2026-02-15T13:54:55.456690,models/model_v1.pkl,model_v1.pkl,c334deef9dc042326a8f7b7f8d4e95161f6bbb44,5000,manual_deploy
2026-02-15T13:54:58.585341,models/model_v1.pkl,model_v1.pkl,c334deef9dc042326a8f7b7f8d4e95161f6bbb44,5000,manual_deploy
2026-02-15T13:55:00.332199,models/model_v1.pkl,model_v1.pkl,c334deef9dc042326a8f7b7f8d4e95161f6bbb44,5000,manual_deploy
2026-02-15T13:55:02.133373,models/model_v1.pkl,model_v1.pkl,c334deef9dc042326a8f7b7f8d4e95161f6bbb44,5000,manual_deploy
2026-02-15T13:55:15.370843,models/model_v1.pkl,model_v1.pkl,c334deef9dc042326a8f7b7f8d4e95161f6bbb44,5000,manual_deploy
2026-02-15T13:55:17.125988,models/model_v1.pkl,model_v1.pkl,c334deef9dc042326a8f7b7f8d4e95161f6bbb44,5000,manual_deploy
2026-02-15T13:55:24.199839,models/model_v1.pkl,model_v1.pkl,c334deef9dc042326a8f7b7f8d4e95161f6bbb44,5000,manual_deploy
2026-02-15T13:55:25.944379,models/model_v1.pkl,model_v1.pkl,c334deef9dc042326a8f7b7f8d4e95161f6bbb44,5000,manual_deploy
2026-02-15T13:55:48.341404,models/model_v1.pkl,model_v1.pkl,c334deef9dc042326a8f7b7f8d4e95161f6bbb44,5000,manual_deploy
2026-02-15T13:55:52.403714,models/model_v1.pkl,model_v1.pkl,c334deef9dc042326a8f7b7f8d4e95161f6bbb44,5000,manual_deploy
